{
  "name": "Keychron Q1",
  "vendorId": "0x3434",
  "productId": "0x0100",
  "lighting": "qmk_rgblight",
  "matrix": {"rows": 6, "cols": 15},
  "layouts": {
    "keymap":[
   [
    {
      "c": "#777777"
    },
    "0,0\nESC",
    {
      "x": 0.25,
      "c": "#cccccc"
    },
    "0,2",
    "0,3",
    "0,4",
    "0,5",
    {
      "x": 0.25
    },
    "0,6",
    "0,7",
    "0,8",
    "0,9",
    {
      "x": 0.25
    },
    "0,10",
    "0,11",
    "0,12",
    "0,13",
    {
      "x": 0.25,
      "c": "#aaaaaa"
    },
    "4,14",
    {
      "x": 0.25
    },
    "0,14"
  ],
  [
    {
      "y": 0.25
    },
    "1,0",
    {
      "c": "#cccccc"
    },
    "1,1",
    "1,2",
    "1,3",
    "1,4",
    "1,5",
    "1,6",
    "1,7",
    "1,8",
    "1,9",
    "1,10",
    "1,11",
    "1,12",
    {
      "c": "#aaaaaa",
      "w": 2
    },
    "1,13",
    {
      "x": 0.25
    },
    "1,14"
  ],
  [
    {
      "w": 1.5
    },
    "2,0",
    {
      "c": "#cccccc"
    },
    "2,1",
    "2,2",
    "2,3",
    "2,4",
    "2,5",
    "2,6",
    "2,7",
    "2,8",
    "2,9",
    "2,10",
    "2,11",
    "2,12",
    {
      "w": 1.5
    },
    "2,13",
    {
      "x": 0.25,
      "c": "#aaaaaa"
    },
    "2,14"
  ],
  [
    {
      "w": 1.75
    },
    "3,0",
    {
      "c": "#cccccc"
    },
    "3,1",
    "3,2",
    "3,3",
    "3,4",
    "3,5",
    "3,6",
    "3,7",
    "3,8",
    "3,9",
    "3,10",
    "3,11",
    {
      "c": "#777777",
      "w": 2.25
    },
    "3,13",
    {
      "x": 0.25,
      "c": "#aaaaaa"
    },
    "3,14"
  ],
  [
    {
      "w": 2.25
    },
    "4,0",
    {
      "c": "#cccccc"
    },
    "4,2",
    "4,3",
    "4,4",
    "4,5",
    "4,6",
    "4,7",
    "4,8",
    "4,9",
    "4,10",
    "4,11",
    {
      "c": "#aaaaaa",
      "w": 1.75
    },
    "4,13"
  ],
  [
    {
      "y": -0.75,
      "x": 14.25,
      "c": "#aaaaaa"
    },
    "3,12"
  ],
  [
    {
      "y": -0.25,
      "c": "#aaaaaa",
      "w": 1.25
    },
    "5,0",
    {
      "w": 1.25
    },
    "5,1",
    {
      "w": 1.25
    },
    "5,2",
    {
      "c": "#cccccc",
      "a": 7,
      "w": 6.25
    },
    "5,6",
    {
      "c": "#aaaaaa",
      "a": 4
    },
    "5,10",
    "5,11",
    "5,12"
  ],
  [
    {
      "y": -0.75,
      "x": 13.25,
      "c": "#aaaaaa"
    },
    "5,13",
    "4,12",
    "5,14"
  ]
]
  }
}
